# Local poll priorities (ebusd "r1".."r9"): file,message,priority
# r1 ~ 1 min essentials, r5 ~ 6 min, r9 ~ 14 min at --pollinterval=2. Not upstream material.
file,message,priority
08.hmu.HW5103.csv,YieldHcDay,1
08.hmu.HW5103.csv,YieldHwcDay,1
08.hmu.HW5103.csv,YieldHcMonth,5
08.hmu.HW5103.csv,YieldHc,5
08.hmu.HW5103.csv,CopHc,9
08.hmu.HW5103.csv,YieldHwcMonth,5
08.hmu.HW5103.csv,YieldHwc,5
08.hmu.HW5103.csv,CopHwc,9
08.hmu.HW5103.csv,CompressorBlocktime,9
08.hmu.HW5103.csv,SupplyTempWeighted,5
08.hmu.HW5103.csv,FlowTemp,5
08.hmu.HW5103.csv,EnergyIntegral,9
08.hmu.HW5103.csv,CurrentYieldPower,1
08.hmu.HW5103.csv,CurrentConsumedPower,5
08.hmu.HW5103.csv,CurrentCompressorUtil,5
08.hmu.HW5103.csv,AirIntakeTemp,5
08.hmu.HW5103.csv,TotalEnergyUsage,5
08.hmu.HW5103.csv,EEVSteps,9
08.hmu.HW5103.csv,ImmersionHeaterEnabled,9
08.hmu.HW5103.csv,EmergencyModeImmersionHeaterEnabled,9
08.hmu.HW5103.csv,CompStartHeatingFrom,9
08.hmu.HW5103.csv,CompHysteresisHeating,9
08.hmu.HW5103.csv,MaxRemainingDeltaP,9
08.hmu.HW5103.csv,HwcMode,9
08.hmu.HW5103.csv,BuildingCircuitPumpOutputHeating,9
08.hmu.HW5103.csv,BuildingCircuitPumpOutputHwc,9
08.hmu.HW5103.csv,BlockTimeAfterRestart,9
08.hmu.HW5103.csv,NoiseReductionLevel,9
08.hmu.HW5103.csv,HMUSystemStarts,9
08.hmu.HW5103.csv,RunDataElectricPowerConsumption,1
08.hmu.HW5103.csv,RunDataBuildingCircuitFlow,5
08.hmu.HW5103.csv,RunDataHeatOutput,5
08.hmu.HW5103.csv,RunDataCompressorSpeed,5
08.hmu.HW5103.csv,RunDataEEVPositionAbs,5
08.hmu.HW5103.csv,RunDataFan1Speed,5
08.hmu.HW5103.csv,RunDataTargetFlowTemp,5
08.hmu.HW5103.csv,RunDataStatuscode,1
08.hmu.HW5103.csv,RunDataHighPressure,5
08.hmu.HW5103.csv,RunDataCompressorInletTemp,5
08.hmu.HW5103.csv,RunDataCompressorOutletTemp,5
08.hmu.HW5103.csv,RunDataEEVOutletTemp,5
08.hmu.HW5103.csv,RunDataEvaporationTemp,5
08.hmu.HW5103.csv,RunDataOverheatingActualValue,5
08.hmu.HW5103.csv,RunStatsHMUHours,9
08.hmu.HW5103.csv,RunStatsHcHours,9
08.hmu.HW5103.csv,RunStatsHwcHours,9
08.hmu.HW5103.csv,RunStatsCompressorHours,9
08.hmu.HW5103.csv,RunStatsCompressorStarts,9
08.hmu.HW5103.csv,RunStatsBuildingPumpHours,9
08.hmu.HW5103.csv,RunDataBuildingCPumpPower,5
08.hmu.HW5103.csv,RunStatsBuildingCPumpStarts,9
08.hmu.HW5103.csv,RunStats4PortValveHours,9
08.hmu.HW5103.csv,RunStats4PortValveSwitches,9
08.hmu.HW5103.csv,RunStatsFan1Hours,9
08.hmu.HW5103.csv,RunStatsFan1Starts,9
08.hmu.HW5103.csv,RunDataAirInletTemp,5
08.hmu.HW5103.csv,RunDataFlowTemp,5
08.hmu.HW5103.csv,RunDataReturnTemp,5
08.hmu.HW5103.csv,PowerConsumptionHmu,1
08.hmu.HW5103.csv,Currenterror,5
08.hmu.HW5103.csv,LastError,9
15.ctlv3.csv,HwcCircPumpStatus,5
15.ctlv3.csv,HwcOpMode,1
15.ctlv3.csv,HwcTempDesired,1
15.ctlv3.csv,HwcStorageTemp,1
15.ctlv3.csv,HwcReheatingActive,5
15.ctlv3.csv,HwcFlowTemp,5
15.ctlv3.csv,HwcHolidayStartPeriod,9
15.ctlv3.csv,HwcHolidayEndPeriod,9
15.ctlv3.csv,HwcSFMode,1
15.ctlv3.csv,HwcPreset,1
15.ctlv3.csv,HwcEcoTempDesired,5
15.ctlv3.csv,HwcEcoChargeHyst,9
15.ctlv3.csv,HwcEcoMinTemp13h,9
15.ctlv3.csv,HwcEcoMinTemp24h,9
15.ctlv3.csv,CurrentError,5
15.ctlv3.csv,MaxCylinderChargeTime,9
15.ctlv3.csv,HwcLockTime,9
15.ctlv3.csv,CylinderChargeHyst,9
15.ctlv3.csv,CylinderChargeOffset,9
15.ctlv3.csv,HwcLegionellaTime,9
15.ctlv3.csv,HwcLegionellaDay,9
15.ctlv3.csv,WaterPressure,5
15.ctlv3.csv,YieldTotal,9
15.ctlv3.csv,HwcFlowTempMax,9
15.ctlv3.csv,SystemFlowTemp,5
15.ctlv3.csv,OutsideTemp,5
15.ctlv3.csv,OutsideTempAvg,9
15.ctlv3.csv,GreenIQ,9
15.ctlv3.csv,HwcStatus,5
15.ctlv3.csv,Hc1DesiredReturnTemp,9
15.ctlv3.csv,Hc1RoomTempModulation,9
15.ctlv3.csv,Hc1FlowTempDesired,5
15.ctlv3.csv,Hc1FlowTemp,5
15.ctlv3.csv,Hc1SetbackModeTemp,9
15.ctlv3.csv,Hc1SetbackMode,9
15.ctlv3.csv,Hc1HeatCurve,9
15.ctlv3.csv,Hc1HeatingFlowTempMax,9
15.ctlv3.csv,Hc1HeatingFlowTempMin,9
15.ctlv3.csv,Hc1SummerTempLimit,9
15.ctlv3.csv,Hc1Status,5
15.ctlv3.csv,Hc1PumpStatus,5
15.ctlv3.csv,Hc2DesiredReturnTemp,9
15.ctlv3.csv,Hc2RoomTempModulation,9
15.ctlv3.csv,Hc2FlowTempDesired,5
15.ctlv3.csv,Hc2FlowTemp,5
15.ctlv3.csv,Hc2SetbackModeTemp,9
15.ctlv3.csv,Hc2SetbackMode,9
15.ctlv3.csv,Hc2HeatCurve,9
15.ctlv3.csv,Hc2HeatingFlowTempMax,9
15.ctlv3.csv,Hc2HeatingFlowTempMin,9
15.ctlv3.csv,Hc2SummerTempLimit,9
15.ctlv3.csv,Hc2Status,5
15.ctlv3.csv,Hc2PumpStatus,5
15.ctlv3.csv,Z1HolidayStartPeriod,9
15.ctlv3.csv,Z1HolidayEndPeriod,9
15.ctlv3.csv,Z1OpMode,1
15.ctlv3.csv,Z1QuickVetoTemp,1
15.ctlv3.csv,Z1SetbackTemp,9
15.ctlv3.csv,Z1SFMode,1
15.ctlv3.csv,Z1RoomTemp,1
15.ctlv3.csv,Z1ValveStatus,5
15.ctlv3.csv,Z1TempDesired,1
15.ctlv3.csv,Z1TimeSlotActive,5
15.ctlv3.csv,Z1Status,5
15.ctlv3.csv,Z1QuickVetoEndTime,5
15.ctlv3.csv,Z1ManualTemp,1
15.ctlv3.csv,Z1QuickVetoEndDate,5
15.ctlv3.csv,Z1QuickVetoDuration,1
15.ctlv3.csv,Z1RoomHumidity,5
15.ctlv3.csv,Z2HolidayStartPeriod,9
15.ctlv3.csv,Z2HolidayEndPeriod,9
15.ctlv3.csv,Z2OpMode,1
15.ctlv3.csv,Z2QuickVetoTemp,1
15.ctlv3.csv,Z2SetbackTemp,9
15.ctlv3.csv,Z2SFMode,1
15.ctlv3.csv,Z2RoomTemp,1
15.ctlv3.csv,Z2ValveStatus,5
15.ctlv3.csv,Z2TempDesired,1
15.ctlv3.csv,Z2TimeSlotActive,5
15.ctlv3.csv,Z2Status,5
15.ctlv3.csv,Z2QuickVetoEndTime,5
15.ctlv3.csv,Z2ManualTemp,1
15.ctlv3.csv,Z2QuickVetoEndDate,5
15.ctlv3.csv,Z2QuickVetoDuration,1
15.ctlv3.csv,Z2RoomHumidity,5
15.ctlv3.csv,RoomHumidity,5
15.ctlv3.csv,RoomTemp,1
15.ctlv3.csv,VR92Addr1RoomHumidity,5
15.ctlv3.csv,VR92Addr1RoomTemp,1
26.vr_71.csv,SensorData1,5
26.vr_71.csv,SensorData2,5
# condition sources (so conditional messages resolve soon after an ebusd restart) and newly adopted values
15.ctlv3.csv,Hc1CircuitType,1
15.ctlv3.csv,Hc2CircuitType,1
15.ctlv3.csv,Hc3CircuitType,1
15.ctlv3.csv,HwcEnabled,1
15.ctlv3.csv,FM5Config,1
15.ctlv3.csv,Hc1CoolingEnabled,5
15.ctlv3.csv,Hc2CoolingEnabled,5
15.ctlv3.csv,Hc3CoolingEnabled,5
15.ctlv3.csv,SystemDemand,5
08.hmu.HW5103.csv,BuildingCircuitPressure,5
08.hmu.HW5103.csv,Hours,9
08.hmu.HW5103.csv,HoursHc,9
08.hmu.HW5103.csv,HoursHwc,9
